"Heading","Subheading"
"Technology Advancements in 2024","Artificial Intelligence Breakthroughs"
"Technology Advancements in 2024","Quantum Computing Revolution"
"Sustainable Innovations for a Greener Future","Renewable Energy Solutions"
"Sustainable Innovations for a Greener Future","Eco-Friendly Materials and Manufacturing"
"Breakthroughs in Medical Science","Precision Medicine and Personalized Treatments"
"Breakthroughs in Medical Science","Advances in Telemedicine"
"Future of Transportation: Electric and Autonomous Vehicles","Electric Vehicles Dominate the Roads"
"Future of Transportation: Electric and Autonomous Vehicles","Autonomous Vehicles Redefining Mobility"
"Space Exploration Ventures in the 21st Century","Lunar and Martian Exploration"
"Space Exploration Ventures in the 21st Century","Space Tourism and Commercialization"
